"user_login_id","user_email","terms_version","user_id","user_name","signature_url","user_phone","accepted_date","ip_address","id","created_date","updated_date","created_by_id","created_by","is_sample"
"skm@gmail.com","skm@gmail.com","2.0","69e62086e436da5d001b8416","skm","https://base44.app/api/apps/69c78a963cd6683d792802fb/files/mp/public/69c78a963cd6683d792802fb/06a2235b3_signature.png","skm","2026-04-23T03:47:37.442Z","","69e996597500c808a5bfd03f","2026-04-23T03:47:37.963000","2026-04-23T03:47:37.963000","anonymous","anonymous","false"
"user@gmail.com","user@gmail.com","2.0","69e38dc4a032439670b1ec38","kabdkdb","data:image/png;base64,iVBORw0KGgoAAAANSUhEUgAAAfQAAAB4CAYAAAAE0wCdAAAGeklEQVR4AezVUW7bMBAEUKP3P3SBAEEQJHIsWUNyua8fbWNLQ+7bAPPv4Q8BAgQIECBQXkChl1+hAQgQIECAwOORLXTCBAgQIECAwBABhT6E2SEECBAgQCArULnQszLSCRAgQIBAIQGFXmhZrkqAAAECBI4EFPqRjM8JECBAgEAhAYVeaFmuSoAAAQIEjgQU+pFM9nPpBAgQIEDgVgGFfiunMAIECBAgMEdAoc9xz54qnQABAgTaCSj0dis3MAECBAjsKKDQd9xqdibpBAgQILCggEJfcCmuRIAAAQIEzgoo9LNins8KSCdAgACBSwIK/RKblwgQIECAwFoCCn2tfbhNVkA6AQIEthVQ6Nuu1mAECBAg0ElAoXfatlmzAtIJECAwUUChT8R3NAECBAgQuEtAod8lKYdAVkA6AQIEngoo9Kc8viRAgAABAjUEFHqNPbklgayAdAIEygso9PIrNAABAgQIEHg8FLrfAgIE0gLyCRAYIKDQByA7ggABAgQIpAUUelpYPgECWQHpBAh8CCj0DwZ/ESBAgACB2gIKvfb+3J4AgayAdAJlBBR6mVW5KAECBAgQOBZQ6Mc2viFAgEBWQDqBGwUU+o2YoggQIECAwCwBhT5L3rkECBDICkhvJqDQmy3cuAQIECCwp4BC33OvpiJAgEBWQPpyAgp9uZW4EAECBAgQOC+g0M+beYMAAQIEsgLSLwgo9AtoXiFAgAABAqsJKPTVNuI+BAgQIJAV2DRdoW+6WGMRIECAQC8Bhd5r36YlQIAAgazAtHSFPo3ewQQIECBA4D4BhX6fpSQCBAgQIJAVeJKu0J/g+IoAAQIECFQRUOhVNuWeBAgQIEDgicANhf4k3VcECBAgQIDAEAGFPoTZIQQIECBAICuwfKFnx5dOgAABAgT2EFDoe+zRFAQIECDQXKB5oTffvvEJECBAYBsBhb7NKg1CgAABAp0FFHpw+6IJECBAgMAoAYU+Sto5BAgQIEAgKKDQg7jZaOkECBAgQOBLQKF/WfgfAQIECBAoK6DQy64ue3HpBAgQIFBLQKHX2pfbEiBAgACBXwUU+q8sPswKSCdAgACBuwUU+t2i8ggQIECAwAQBhT4B3ZFZAekECBDoKKDQO27dzAQIECCwnYBC326lBsoKSCdAgMCaAgp9zb24FQECBAgQOCWg0E9xeZhAVkA6AQIErgoo9Kty3iNAgAABAgsJKPSFluEqBLIC0gkQ2FlAoe+8XbMRIECAQBsBhd5m1QYlkBWQToDAXAGFPtff6QQIECBA4BYBhX4LoxACBLIC0gkQ+EtAof8l5HsCBAgQIFBAQKEXWJIrEiCQFZBOYAcBhb7DFs1AgAABAu0FFHr7XwEABAhkBaQTGCOg0Mc4O4UAAQIECEQFFHqUVzgBAgSyAtIJfAoo9E8J/xIgQIAAgcICCr3w8lydAAECWQHplQQUeqVtuSsBAgQIEDgQUOgHMD4mQIAAgayA9HsFFPq9ntIIECBAgMAUAYU+hd2hBAgQIJAV6Jeu0Pvt3MQECBAgsKGAQt9wqUYiQIAAgazAiukKfcWtuBMBAgQIEDgpoNBPgnmcAAECBAhkBa6lK/Rrbt4iQIAAAQJLCSj0pdbhMgQIECBA4JrAq4V+Ld1bBAgQIECAwBABhT6E2SEECBAgQCArsEahZ2eUToAAAQIEthdQ6Nuv2IAECBAg0EGgQ6F32KMZCRAgQKC5gEJv/gtgfAIECBDYQ0Chv7tH7xMgQIAAgQUEFPoCS3AFAgQIECDwroBCf1cw+750AgQIECDwkoBCf4nJQwQIECBAYG0Bhb72frK3k06AAAEC2wgo9G1WaRACBAgQ6Cyg0DtvPzu7dAIECBAYKKDQB2I7igABAgQIpAQUekpWblZAOgECBAh8E1Do3zj8QIAAAQIEagoo9Jp7c+usgHQCBAiUE1Do5VbmwgQIECBA4KeAQv9p4hMCWQHpBAgQCAgo9ACqSAIECBAgMFpAoY8Wdx6BrIB0AgSaCij0pos3NgECBAjsJaDQ99qnaQhkBaQTILCsgEJfdjUuRoAAAQIEXhdQ6K9beZIAgayAdAIE3hBQ6G/geZUAAQIECKwioNBX2YR7ECCQFZBOYHMBhb75go1HgAABAj0EFHqPPZuSAIGsgHQC0wUU+vQVuAABAgQIEHhfQKG/byiBAAECWQHpBF4QUOgvIHmEAAECBAisLvAfAAD//3sTkOoAAAAGSURBVAMAGmEA8QppvwgAAAAASUVORK5CYII=","ASFAfaF","2026-04-18T18:12:28.559Z","","69e3c98dc68841e763c5876e","2026-04-18T18:12:29.075000","2026-04-18T18:12:29.075000","anonymous","anonymous","false"
"aman@gmail.com","aman@gmail.com","2.0","69cdefb14809bcb1180a344e","aman","data:image/png;base64,iVBORw0KGgoAAAANSUhEUgAAAfQAAAB4CAYAAAAE0wCdAAAQAElEQVR4AeydOagtSxWGz3V6+hxQHFAEA0NBEwNTDQQTwdjIxMzERDBQEAwMTcwEMTIURDARwczIRMVQQRAHUMTpvae+a33ndJ3T3buHquqa67907equWrWGf61aq3vvffZ9zZ3+jYXAs7HMlbVCQAiMjMBYCU8FfbRYfz6awbJXCAiBJQIjFbmxEl7agr6MIl0JASEgBIRAcQTGKnLF4c6ogAp6RrAlag+BkZ4Y9jDQuBCoBYFO9mMnZvhEReUF/dAjPna2RTuc2ReeGIbDqq1QlrYtInBhP2Y39yABtGRGJNwqL+hXPXLg7EgAJmFz1WxnperGx0m7bFg5gypCISAEsiGgBDCHuvKCPlc15PyCs0PENbembnzq1s7D2U53Jh78RCoEhIAQ2EAgc0FXZtvwQetD/zMGvGoa9feoQWPIBjxAZUCzZXJNCCj31uSNVLpkLujKbJMjW+/+YwzAmTRiiGzB+X/N+FajmFsazg2Z38FivxWiFgJC4AkBtufTlc76RIBk3KdlsioFAn83TMkMrzM9x8vmhVpLI5Zeb6632mvNODSstb1XYWeh4aFDCOwjQGTtz0abySTmQN/yGhwop6mCCJCEC4qX6CQIpGFKAX7LxJq32ckqb5yuXTvijXXwoqdOw2u1nqnVkC6FwBkCRNMZTYR5xJSNUDSIYIhYdIcACbY7o0Y2KHKiecVgSfElg8Cac3r7hG6mg475EzsxCP9Ze46cIMZaJARyIECw5pAjGULABwGSqQ+9aCtHIFKi4akZVrx9TgGnwNJTiGMiQPwha/65O3KRxVhMWeIlBISAEOgaARJqOgNJy+m4Z+LchRGuWFG4KajEBb39jDx2IZ/rw9M+Nw62WdkpZc7l61wICAEh0AUCJM90hlAS0nF34LxRjDeGjhkVN+JYvTtvg7b42UIOMwymJzZ8PyPf4u039kCNbM7Qhb5QA4ZCoiXWDwG5ahcvQbMLTXcTNnF2Z9iDQRv1YGPogbbV10sG8XY3DNjztq8lJtAJp6AXfYFWUHQBa8NEWjeFrY62Sq7ahXJsaCqJz13vxJ2oJXnHtWosH4Zixz7H//Qgxnkor1Tr/j0xRsebz9RRepp37UQXHQFcE52pGAqBSAiMFZ81JvHrjhzLh7542bfXWUeRrDkGXjRKUrfxKJ+po7sZejgYfDjTqxAQAkJACNSczC95hyrgzsCP2p1vVZQUQ2ogxtqeL6JVpeSOMsSp1Zn+Hzt0ZYclXQgIASFQEAESZUHx6UST9d25+1E78aVsOhHGI9oQ+ZLh/qoZx0DT3dH/1Iy16Hd05lv3Rv27N5sXblBM534AgDu1KIVAvwhoL/TpW5Jkn5aVtorSmVmHlUgK3gtGhWdmnHP2MP7+uBlr9eBb99hhTLr/ej89Hxs42QOxE2E2IkxxFiZCIRANgfr2QjTThmZEgh8agE6NtwXc9nz+3Lyps/JH3HJJXsI27GzQPtRvUG2pLARiI8Bujs1zQH4kxgHN7sDk/Q1gitszZk1/R7HrwNgHEzbKH/HLMPbyP8A9EBZ5RYUiguMIFRchUBIBdnFJ+Z3IJiF2YkobZkRL+9sbgCJuRNz/FnpXxfzAu8QwaPCLcwdkCaYM0k9cUeHpSmeOCCwwdFwTSpZTVqiOWicELiBAMrywXEt9EdhP+5eyDX+vDWuYUNRHKeYWfhvHYGDH0vd5paW3J52Efc45Mcwpa99izfSCANm2MltsIqxMrQ7U8XZ2cLahgPNlMUDjC2KjFXPspv2QF9PAw3Q9HN5B1IPRskEIBCKQeb8Ep+xA8xyWNVzQMzvPAcwFSXpnU7iQAhCc0xf6u3JEL6wvcfFpI9TiwE/amsvWD9zbug0Z9JcIIXCPgPZLwwW9YuelrW//MrGL8UixBazwUznqGK3KH+CAMg3HdXkQc2pAEIfJC18ZJk+rhED9CCjxpfARJSUF3weeb3ro7v8OmwI2Xe53g6U+G9Pc7OyDopkqEAjfKuErPQ0XuRBoBgGb/JpReHBFbRbzqtF20UDYYTIY/Xkgm2WqDwJEhw99BNoCIiNoLRYtIaCCXs0uO1WEIkVsnRJCNHizcf2uwXGQ+XsI2N20N59gfFNkAjm3LJUybjHpc8Qmvnasix2b5XbZCvNDRexkbOtXOnR1+ZfJGr31PgEx68CEmIrR4MWXEH8246/TqhDAzVUpFK6MMuAhdu0V9MfYHMaz1uKvH3oy52Qb0L/TQEKxQVt6cznsQQzNG5hwDS78hze28WeP/Ic+tnHNbxzMG3OsYz0NXuSRjxl0uWbuJ+Y86YHQpAJyME9vRA4r8sogwvJKbEoaG7EphZ+UHcKz1kiS6FeebC98ZrUqrIaDeL40iLakzlcc6IuQoFxCwdgPe4ozP49Lj0j2PvjwGwa28WePfOnSNq5fNIvnjTnWsZ4GL9so5px/wqxB7l9Nn+SAeRLGOZl2YUROwCTrDAE25BmN5ssgYLc7CZgkWkaL9qXaGKc4VWmNdXQC5Sxriiz2v8HIoDddkoNCjyx78/R2IwUdiGFzqqMrBGRMdQjYZFedYoMrRBIEgs+bl5QJ2LAf4qDIYKjFlfMeG0/I2GgbNlrbOc/VXjCCkPsH03NQ6NEJ/f7GgFqfCOD0Pi1rwyoV9Lr8xFvrJD60Ym98mxO1KAj8Y+JCUZlOu+n4UhpxQ8xgH0/ENK4LGXkv+n1GOCe/Nr3V723TOXqit7nU0QoCOPNIV5x8NO8xJ9IABFTQA0BLtIQEzJMN7M/2DTRqfgi81ZBTRMA2TyFBkhGa+MAm9jG5FIk8DfOuDi2x6CP2qPM4/yFzho7oR2OSnjHOscGQ6KgdAZxVu44j68eGGtn+WmynwJCI2S8kulr06k0PizFxzze709qHNwMlOAYBcQMpBRGbAqVlX4au6E0DJdtjR3ZlzgSi3BlNlfPNKp4BzU5FsLE6Na0Zs0hi+IHERl+94o3nCYsxXxCrDmuLLcFwohzFHFsg5UblhLzaaWzAbPYBPfZw/qNaNEahWnTx0qNZxb2sFPEMATbT7JL9NLvUaWoESFyAztZb+SK16HD+KBu+uoqVYI4i4E9fTVtjaxVdKYjexAvk9KvpJi+5KcFcbDP9s08ZK7DP/kCQudQhBJpAoJiSq2TA/immy2iCp8R1R7/yw2hQFLGXYDeF4+7TRaQ7CkXJFSnxgt5MXYsbuKyYV3A5FfbnfEEUdd5hXrCVv6E3pzrKI1Bn4JTApTYkriWEEgj2IZMERSzwtikJrA+r2rLCxv4PGlJ7HjdW/3D14Ra+OvVKfnuBPfKbSdDrTI/G7BlzWsOBejXokVsH3JBbZp3yiiBxAMX1pHDAXFObCNgY4Oc0SVKbRFUN9pu3+MsCoLY957U2GzffMwq2ETdG0QjHBw0PIpBfSgQDchY9jXcraH80NAUOVCgg9opIkLyyXmuXCPji6Uu/lHZ6xeY4JRJBFAT+ZLjYDIBb+TlNM9TAYbVuQFVPFe2fdtW+D6wHiJvPetrYDjnW7WvL/2WAn75pSCjiYMIK2nvMGNeMm1MduwiA0u6kJrwR8MXTl95TITaI55I1ua4dEODzv3dPdCSg6VRdBQhQBGr2iU0BNesYx43W0mNuXzTTfExF7gIT26wf4VLR2/JG2+AD04IXN7nQ2WJnwiZhCFaaTRG8ONXCznxFcuEtUhJNZ6alioDIfI9RpzggkIJAX1MjZtDn2AIo1PAjOIEZeY2+cVQymgBymdHaEulssTNhZqMKiyPwC6twK37uq9vZ8iNbgbijFUUCjDGJfoesjmEPuy4rnFPWHegfawzFNZWurd7SDp0Yj88Zrv029tnvJvPAkD34q+la3R4CILU3l2i8gMhTS1rfbAT/qZEiWCLgGIgkEuID8iZwRtGlpemucspysOKXEw0fjUynnl1cg4gdFCB+6NX8EPiAIQc7cKTnp2fxEO+WmSkdQmAbAYJke6bwKFHsoEIThcbBjkCSZMtsIiE+hHEymKMx/sjEibdtp9NinY2dFr55XwwkR8H4k1T4c0Nv9yI9GJshHcURwDuOSniQOnJsiIyodVBXxcYBJE8SngKIPVwgfD3BK0hOksdvBVW4o4ijA7Fjv4FfUp/CsoEiigofNVzYizAEW9vjczOloxgCeMNRuAepI8erZITRVR7u612kEeTuHKujdDExq9IUczAl9l6TVbKEXUWApzl4mCRfLK4UO3jgsbGNHi9inYAxDoa57V+JxbwYHywpJnxUwYRQPttdpBHc+TSKLsnFxOhC9xiqmO8h0844AWVSI112pc2NxJ2RfZd1TyIwu6V1CARnzMfZvBtCX4dmIVq0rX2IxYOuIWT3TSeo92c144MAWLKt6H3WBdJmXnYcR5mVSSbO/uJY+JfjwlTjCRGEKephHAJXEbCBS3tZxn61fgcOfPD98sYRDuW1kAa1IUCI7utEMO/PasYVAZIAtJ54NrRpj+MI23to75uMsG+/T5fJO54QEZJbLjIbasn2y3sNCDBnH9N/xlxzbrpSxxgbrhS6vcr1LEC9wuBuF7t9g5rhgB0YsGRDeIqhcXjiuoW1OOVmcEER98IWji/HZdsjN1yT1C5uqPD9/MuJ1j8XBMPywnItFQKOCKigOwJlyTZSit3wwnICqa30dePRf05m/GvqU3fAhRLfSC1I/J0R4B0T6xd6u8edGSwJce9yRFeFEMCbhUTnEKsidB1lQkQ7dobjORgz4vpO3zqp9MapT9nZQqF9mBLlcN745fdmud3jXzLnOlpGIEdyIloKYUTAFhLdhVgl5ERuLLgnsIhtn1qFYl+Ew0A1ZwTebyh/bBrH/rsoqaMF6WptIED2KKSpCno48BRztjF9OJcrK5F+ZX3Fa6/siRCzVlDm8Clv66Iqn9uafqWBGWn+6MekTxpf8GepWLQdG7kD1iikQwisEVBBXyPids2mtpt7SshuC6NSRUoiGBJVrwaZraDkf8fDipd5idoewCZ+YPtdXh7aSoOHwbZf+zKJmMCiBw+27Rlp3ykCKuj+jiUZs6npyxXzE71R8ITkcZos9XihkzkC9il6Nnbx9PkdcYN7eOL73EVujssR50gqsiME8N3RvOaEQFEEIhf07hMHGxojqYGOxRzyDD5eiUHBDFIl4gyBpV/mfw7FE9/Z6kjzioZIQEbOl5G0qojNMtwrUmwQVSIHaNeJY56MPXDLhEkmMYPsi3hmLv3CTSAju/ETT3CPnMYoFy1bSXD3GHmt2KTE4u4pkjHUwgwU1HwR4N0d1ih+QCGojVEuWrWy5RuRoHCscJGSi5tT+BMjKHlKp1cbDoH9dLU/8wjSV80ZZLaom8sSh2ReRED+OwCw1RuRA5Oam1JBd3OZ/XKU7ReryNSLAV30gAD5aeZaLrfN2p95pP/adGbf5Zku1TWGwG+Nvvbm3pymOWZBl0aAuHaLQP8F/frusD8FyreSNwPBIaFvrtPgEoHrrlry27xyFxLLrfZdnd349T5xggAACHdJREFU2dQz56A7JodaDTD5HmOj35cZA7CNFXhGVx2REQhwZ2QNjtn1X9Cv7443TRD6bWQW1e59dKyoXXeVgzHuQmL9F6r2qdw/fhzMiULijkkUcQ0z+YXR/U+muR/C1h2rBiivujN1Scha0FMbkyAeeLpC7bCnq6veT2BQVyzxTDqD7G+5Xyns9jPXD6dTcxTOce0MDJ3vGC1+aJrbESjEjbmoQKA1iFOXhKwFPbUxODhy4+kKtet9uopscFPs8Ex6hYmBUCnkG7T8ZSgDrUuDAE4J4Pxts+bzprkdgULcmIsKBEaHmAQDDrZlLehWaL5+ba6XZPt01TlGXpiI2B0BxY87VnEpA7b9WoEILNYsh7sWhuldvr6huS1WXXlhba4zwHwRDiSCGThLEmEGBHBlkBj8H7LYflRji3qQcF/BvvRBSrWwCK9d1DMCi4satL9cGOb34W1Blxfwwou8mHaLjxns4xgp/QcHdWhB5m16hNIHhwsM9hZvee+Ifo+PxnMgIBlCIA8CHResYABtXtzKmcFM61tozaxPs4o0st+d8Plf1+xNQNK9Je9VFCVSRQhUgkDSpFOJjT5q2GR85ZvNPvJE2xcCLxlzuBG0cWQudSRFALSTCnBlXk4RVw1F1z8C8Qv6PK7n521h+Ya21JW2lSDwwqTHpbfaJx51dbXu5WreqqhGkbriJpc2tcZnLvsnOfEL+jyu5+eTwBzdBd+ytJDWOZCRjIQI2KfyLySUUY61dkU57ItKbkS44vPeUfEL+j3bsi+BvrWfk9q+rBE1Sud2p0a96tAJdAi9b9WhjrQQAkJgNAS6LOiBTrT/8Yrebt8DkHK1N3cyTrU7IXmYdiZ8IK/k1SKj/VSJQ6RGGwhIy7gInCSghNk1IetAiPjbYb4MF/Yzr4FCR1lmK96pvc6Ep5xyEdh4IXZyyZQcISAEiiPw7O5ZiA5Bi9wEnRT0hNk1IWs302+oeDK37WZSAyUQSBj5h+Z4yWUPEc3EziFXTQqBcwS8Yu+c3dAUGJ8Sz+d3bHykeDWvRX76k4y8dClO7GdfcXWlwBUEvCL/iqDVWme59otw7e2jlcVDXVadQxxir2r9a4skBzxrU3mhj5/+7SUiP/sW0OhCCEREgI9oSK32LfeIrMUqKQLV5hDCycHyavV30L0jkhpNaa+g14iidBoRAf7WnNRqf01uRAxkc1QECKeoDMVsMARU0AdzeNvmOj7BbBp5Ze0Nw/RvtUdV90Z/DQgBIVA1AmHKqaCH4dbNqrbqxpUnmCtrb9wNbB4MIb/hcTzgwf2YUa7ZABtzqbYrp0Wdd43RhBC4U0EfPAiaqxt5/WWfxO1PuiLdjnnsnTXKdReSMO3WNgJVweZkRGU6F4RLovtAwDUp9WGtrBAChwjcVAEG1ll/a+yQ6+3kmuUtRcmRurVzRKYLIxxtHYKMbde/oVetVEGPGCNXnRFRlXNWTSl7bk4cikUV4FvssJ3vkf2nc+EJVmpCIBECi73pJ6OhvXnByntM5snqfqDISydCrzojKwxNKZsVGStsa2+QGraR2x61vNQLASFQCoGB9uZW0ioFu+QKgZoQWBfv/adzF63h5kInGiEgBIRAIAIjFPRAaLRMCCwQoCSH3+uHr1wo0coFYLWiq/QUAr0gUHFBV0roJcg6sOPa03kHAPia0OX9S1BKClrkC7fohcA9AhUX9NuUUOXWuIdRL1kRyB8ISLwNyKxGFxCG1QXEVisyKAKCFlULQTbFFHtBUD8W9Bbw09YI8nGzi3ZjMm8g2N9qf9wrp4DuKn66si6CvDjXZbu0KYuAYi8I/8ckJfyC8AtY5JXtA/hvLDkUeTi5wSzfUCUxyR7xU8WPOh+gkiQEhEAgAvXmyblBJKv5tc6TI1Ag2x+KPJxMjkYjArRPGnHUcGq2UWfc3FK1LRfyZEa7lKjcQm1BldE/C7nRL8TwDAFcfWEnn7HXvBC4iEC26GQrXNT1bHk2W84UiTyf0a5iBT1DeET2yhO7jP55EqqzUggU2yOlDJbcIwRazlxHdp3NKeudIVTDfLFkpfCowf1JdcjK/CnNPp1FUCB9mB6qezi5NM+DdLlQV34IpA8JP30Go1acHzq8WEE/1EqTQsATgac0+3TmyWJNTupIvz8O1T2cXOrrQbpcqCsh0BACivNDZ6VPWIfiNSkEAhHQMiEgBISAEFggMHxB5zFsgYguhIAQEALdIaBM151LNwzaLOgjuV7v4GxExcHQILFxgICmhEAqBFLuLmW6VF7Lw9ctNjYL+pHr3djmMVFS8iNwFBv5tZFEIdATAtpdPXkz3JatKusWG5sF/UgRN7ZHHDQnBAZHQOYLASEgBHYRCK+y3gV9VwePia37D4/lIhUCQiAAgXz7Lp+kABi0RAh0i0CRgh5+/5HAD8o9CUBtgGW/fjfgbxuXb9/lk2SM7efYdls/9jVuSQvuKVLQq/Krck9V7simTNd+dzCuheyULRgqEeTgtko0HVKNFtyjgt58aM4z8/y8IsPmas3PJxU3hqYZdckQCM1OyRQSYyEgBK4ioIJ+FcHi6+eZeX5eXLEnBeZqzc8nio2haaaOLvUNR2r+daAoLYRAZgQG3Fgq6JljTOLaQyD1DUdq/g0hLlWFQDwEBtxYKujxwkechEB/CAz4lOPlxJrxqVk3L5BF7IqACrorUqITAiMi0NNTTgr/1YxPzbql8IV43qmgXw0C3QVfRVDrhYAQEAJCIAICKuhXQdRd8FUEtV4IJEAg+512AhvEUgj4IaCC7oeXqHtBQPm+F0/u2KE77R1gNNwxAiroHTtXph0gUEG+b/GeokWdD6KgnSlpKgQcEFBBdwAJEiUyUFCLiUAF9xTe5rjq7LJfXGi8Fcy2oG3ts8EkQVkR+D8AAAD//+v3MVQAAAAGSURBVAMAQmb9E+6JkmQAAAAASUVORK5CYII=","0000000000","2026-04-18T12:46:43.892Z","","69e37d34e9e890f6438f1eff","2026-04-18T12:46:44.344000","2026-04-18T12:46:44.344000","anonymous","anonymous","false"
"niteshaheer22@gmail.com","niteshaheer22@gmail.com","2.0","69de121de938868996f01133","Nitesh Aheer","https://base44.app/api/apps/69c78a963cd6683d792802fb/files/mp/public/69c78a963cd6683d792802fb/feb8ed9ed_signature.png","7737039902","2026-04-18T12:26:55.446Z","","69e37890e1d5496d79f8e9e5","2026-04-18T12:26:56.055000","2026-04-18T12:26:56.055000","anonymous","anonymous","false"
"khushik6200704@Gmail.com","khushik6200704@Gmail.com","2.0","69e080c316eada7181a563d4","Abdul wahab","https://base44.app/api/apps/69c78a963cd6683d792802fb/files/mp/public/69c78a963cd6683d792802fb/2aabd1e1a_signature.png","9799949093","2026-04-17T10:23:42.242Z","","69e20a2ea79f0fcadcbdc75b","2026-04-17T10:23:42.701000","2026-04-17T10:23:42.701000","anonymous","anonymous","false"
"kunalsaxena113@gmail.com","kunalsaxena113@gmail.com","2.0","69df573ebeceae833d813f41","Kunal Saxena","https://base44.app/api/apps/69c78a963cd6683d792802fb/files/mp/public/69c78a963cd6683d792802fb/4578ca2f0_signature.png","8824524271","2026-04-17T09:44:16.905Z","","69e200f15c9254953d0deec2","2026-04-17T09:44:17.896000","2026-04-17T09:44:17.896000","anonymous","anonymous","false"
"nurdeep876@gmail.com","nurdeep876@gmail.com","2.0","69d799474db6125057eff140","Nurdeep singh","https://base44.app/api/apps/69c78a963cd6683d792802fb/files/mp/public/69c78a963cd6683d792802fb/44355f5c4_signature.png","6378483941","2026-04-16T09:47:00.018Z","","69e0e76df91bfe6f1636c28f","2026-04-16T13:43:09.648000","2026-04-16T13:43:09.648000","anonymous","anonymous","false"
"ilisha9997@gemail.com","ilisha9997@gemail.com","2.0","69dde7c34ace88ace4b2736e","Nandini","https://base44.app/api/apps/69c78a963cd6683d792802fb/files/mp/public/69c78a963cd6683d792802fb/f8325123b_signature.png","7232078237","2026-04-15T11:09:57.092Z","","69df72053d918331b23cf869","2026-04-15T11:09:57.687000","2026-04-15T11:09:57.687000","anonymous","anonymous","false"
"govindvaishnav663@gmail.com","govindvaishnav663@gmail.com","2.0","69dcd333d5277eab5578e276","Govind vaishnav","https://base44.app/api/apps/69c78a963cd6683d792802fb/files/mp/public/69c78a963cd6683d792802fb/ed4247c80_signature.png","8107035692","2026-04-15T09:31:39.575Z","","69df5afca5a64b9d5bfd6a29","2026-04-15T09:31:40.154000","2026-04-15T09:31:40.154000","anonymous","anonymous","false"
"priyanka10@kgpian.iitkgp.ac.in","priyanka10@kgpian.iitkgp.ac.in","2.0","69dcd61be999f07cad4bc669","Priyanka suman","https://base44.app/api/apps/69c78a963cd6683d792802fb/files/mp/public/69c78a963cd6683d792802fb/d2e8bbfda_signature.png","8824908686","2026-04-15T09:02:45.055Z","","69df54365ff5e3b4db9c62d6","2026-04-15T09:02:46.169000","2026-04-15T09:02:46.169000","anonymous","anonymous","false"
"ms8608475@gmail.com","ms8608475@gmail.com","2.0","69ddd8416925a652e87d9fa1","Manish saini","https://base44.app/api/apps/69c78a963cd6683d792802fb/files/mp/public/69c78a963cd6683d792802fb/ff73b0964_signature.png","7742870845","2026-04-15T06:14:14.971Z","","69df2cb83acc8af56ae8705a","2026-04-15T06:14:16.028000","2026-04-15T06:14:16.028000","anonymous","anonymous","false"
"vishakhamahawar610@gmail.com","vishakhamahawar610@gmail.com","2.0","69dde793aa4f6698371f73da","Vishakha mahawar","https://base44.app/api/apps/69c78a963cd6683d792802fb/files/mp/public/69c78a963cd6683d792802fb/d2ea360a4_signature.png","9950873876","2026-04-14T13:23:24.156Z","","69de3fce99ae04303f6da983","2026-04-14T13:23:26.529000","2026-04-14T13:23:26.529000","anonymous","anonymous","false"
"mobilecafe416@gmail.com","mobilecafe416@gmail.com","2.0","69cf7f929f65312dd0c52735","Shubham Bairagi","https://base44.app/api/apps/69c78a963cd6683d792802fb/files/mp/public/69c78a963cd6683d792802fb/b9e16da4c_signature.png","8619543909","2026-04-14T05:42:38.602Z","","69ddd3c64203c022585ade42","2026-04-14T05:42:30.149000","2026-04-14T05:42:30.149000","anonymous","anonymous","false"
"vidhihada3@gmail.com","vidhihada3@gmail.com","2.0","69dc90279b1d9aa4318dec60","Vidhya hada","https://base44.app/api/apps/69c78a963cd6683d792802fb/files/mp/public/69c78a963cd6683d792802fb/ad8deb7f0_signature.png","8619748006","2026-04-13T13:23:40.114Z","","69dcee5d91c18104d25475ce","2026-04-13T13:23:41.558000","2026-04-13T13:23:41.558000","anonymous","anonymous","false"
"devigeeta36404@gmail.com","devigeeta36404@gmail.com","2.0","69db4ffd245a9d24ebcf9312","Sonu","https://base44.app/api/apps/69c78a963cd6683d792802fb/files/mp/public/69c78a963cd6683d792802fb/a49f4d39d_signature.png","8449481977","2026-04-13T07:26:59.688Z","","69dc9ac7b579dd030da7acf1","2026-04-13T07:27:03.971000","2026-04-13T07:27:03.971000","anonymous","anonymous","false"
"katareprashant44@gmail.com","katareprashant44@gmail.com","2.0","69db4d20e0c48c21f2a0eb41","Prashant katare","https://base44.app/api/apps/69c78a963cd6683d792802fb/files/mp/public/69c78a963cd6683d792802fb/715f6ec69_signature.png","6269542109","2026-04-13T02:41:14.826Z","","69dc57cc4fcf97aec0fefbcc","2026-04-13T02:41:16.681000","2026-04-13T02:41:16.681000","anonymous","anonymous","false"
"kumawat786umesh@gmail.con","kumawat786umesh@gmail.con","2.0","69d8b1f6fad88b737e05053c","Umesh Kumawat","https://base44.app/api/apps/69c78a963cd6683d792802fb/files/mp/public/69c78a963cd6683d792802fb/961f6f62d_signature.png","9399547554","2026-04-11T09:52:52.279Z","","69da19f461ce76c75fd60193","2026-04-11T09:52:52.206000","2026-04-11T09:52:52.206000","anonymous","anonymous","false"
"prachiv005@gmail.com","prachiv005@gmail.com","2.0","69d8d9fee96ddf658a297167","Prachi Verma","https://base44.app/api/apps/69c78a963cd6683d792802fb/files/mp/public/69c78a963cd6683d792802fb/8cf89287b_signature.png","8306986144","2026-04-11T05:50:14.659Z","","69d9e1161a1707ca5b1550e6","2026-04-11T05:50:14.744000","2026-04-11T05:50:14.744000","anonymous","anonymous","false"
"dhanrajkhichi17@gmail.com","dhanrajkhichi17@gmail.com","2.0","69d60928f062ae4557300ef7","Dhanraj Khichi","https://base44.app/api/apps/69c78a963cd6683d792802fb/files/mp/public/69c78a963cd6683d792802fb/917dae962_signature.png","7014261952","2026-04-10T12:53:09.017Z","","69d8f2b5b34f6df060c58133","2026-04-10T12:53:09.800000","2026-04-10T12:53:09.800000","anonymous","anonymous","false"
"ramniwassetkolu786@gmail.com","ramniwassetkolu786@gmail.com","2.0","69d8b237ae6b8237a167e934","Ramniwash Bheel","https://base44.app/api/apps/69c78a963cd6683d792802fb/files/mp/public/69c78a963cd6683d792802fb/b8720b8df_signature.png","9358998944","2026-04-10T10:15:53.806Z","","69d8cddbb66634833d200827","2026-04-10T10:15:55.076000","2026-04-10T10:15:55.076000","anonymous","anonymous","false"
"ds317235@gmail.com","ds317235@gmail.com","2.0","69d7afe9b38776b487b42466","Arjun gurjar","https://base44.app/api/apps/69c78a963cd6683d792802fb/files/mp/public/69c78a963cd6683d792802fb/5d7345577_signature.png","7230913531","2026-04-10T09:13:08.518Z","","69d8bf26ece6b16a7858c1c3","2026-04-10T09:13:10.862000","2026-04-10T09:13:10.862000","anonymous","anonymous","false"
"rahulkota071@gmail.com","rahulkota071@gmail.com","2.0","69d7b031aa5f61aa6ab3ef11","Deepika gurjar","https://base44.app/api/apps/69c78a963cd6683d792802fb/files/mp/public/69c78a963cd6683d792802fb/a9cec6bab_signature.png","8769587817","2026-04-10T09:12:22.553Z","","69d8bef71910524801930ea9","2026-04-10T09:12:23.990000","2026-04-10T09:12:23.990000","anonymous","anonymous","false"
"vimlaverma19945@gmail.com","vimlaverma19945@gmail.com","2.0","69d600a1096418863f20cff9","Vimla verma","https://base44.app/api/apps/69c78a963cd6683d792802fb/files/mp/public/69c78a963cd6683d792802fb/e1be778c1_signature.png","7413915183","2026-04-10T08:45:13.261Z","","69d8b89eabc19ebd523eda45","2026-04-10T08:45:18.510000","2026-04-10T08:45:18.510000","anonymous","anonymous","false"
"nagardishant8@gmail.com","nagardishant8@gmail.com","2.0","69d74f464da9b8fcf69f287c","Dishant Nagar","https://base44.app/api/apps/69c78a963cd6683d792802fb/files/mp/public/69c78a963cd6683d792802fb/c46e1c9af_signature.png","7728910880","2026-04-09T09:49:15.611Z","","69d7761d2f3e0500a81587fb","2026-04-09T09:49:17.387000","2026-04-09T09:49:17.387000","anonymous","anonymous","false"
"zunedkhan99@outlook.com","zunedkhan99@outlook.com","2.0","69d3846679da668f9db1387b","Zuned khan","https://base44.app/api/apps/69c78a963cd6683d792802fb/files/mp/public/69c78a963cd6683d792802fb/ab971dae2_signature.png","9680935287","2026-04-09T09:49:08.626Z","","69d776152c63cb64e5d055be","2026-04-09T09:49:09.226000","2026-04-09T09:49:09.226000","anonymous","anonymous","false"
"aayesha17866@gmail.com","aayesha17866@gmail.com","2.0","69d3536db57b9cb53e1aff8a","Farheen","https://base44.app/api/apps/69c78a963cd6683d792802fb/files/mp/public/69c78a963cd6683d792802fb/00d032c3a_signature.png","7877012491","2026-04-07T12:13:52.159Z","","69d4f500f84273fac359c907","2026-04-07T12:13:52.750000","2026-04-07T12:13:52.750000","anonymous","anonymous","false"
"rky946160@gmail.com","rky946160@gmail.com","2.0","69ce0337f1307627f6004808","Rajkumar Yadav","https://base44.app/api/apps/69c78a963cd6683d792802fb/files/mp/public/69c78a963cd6683d792802fb/e65d462d4_signature.png","7426830887","2026-04-07T10:32:15.743Z","","69d4dd312e84fe63acabc631","2026-04-07T10:32:17.072000","2026-04-07T10:32:17.072000","anonymous","anonymous","false"
"kotamahendra24@gmail.com","kotamahendra24@gmail.com","2.0","69cdfdfd495b883b07a9863b","Mahendra Gurjar","https://base44.app/api/apps/69c78a963cd6683d792802fb/files/mp/public/69c78a963cd6683d792802fb/72730f35a_signature.png","6376112159","2026-04-04T09:04:30.692Z","","69d0d41f6a6f8289e6ea5062","2026-04-04T09:04:31.776000","2026-04-04T09:04:31.776000","anonymous","anonymous","false"
"cmjangde177@gmail.com","cmjangde177@gmail.com","2.0","69ce07003023e363f36f9163","Chandra mohan Jangde","https://base44.app/api/apps/69c78a963cd6683d792802fb/files/mp/public/69c78a963cd6683d792802fb/97c790451_signature.png","9174642892","2026-04-03T10:25:39.693Z","","69cf95a4d868a1e6acea7653","2026-04-03T10:25:40.854000","2026-04-03T10:25:40.854000","anonymous","anonymous","false"
"hv922121@gmail.com","hv922121@gmail.com","2.0","69ce049e1ab29198c923a885","Hariom verma","https://base44.app/api/apps/69c78a963cd6683d792802fb/files/mp/public/69c78a963cd6683d792802fb/5a6ab4ef7_signature.png","8209375581","2026-04-03T10:06:10.681Z","","69cf911379bf956eb4e22257","2026-04-03T10:06:11.691000","2026-04-03T10:06:11.691000","anonymous","anonymous","false"
"shahnawaz19485@gmail.com","shahnawaz19485@gmail.com","2.0","69ce030b000fb95d22d7effa","SHAHNAWAZ","https://base44.app/api/apps/69c78a963cd6683d792802fb/files/mp/public/69c78a963cd6683d792802fb/e3000f27b_signature.png","8233356962","2026-04-03T07:22:20.517Z","","69cf6aade12b44e759a09c05","2026-04-03T07:22:21.956000","2026-04-03T07:22:21.956000","anonymous","anonymous","false"
"nomankingv159@gmail.com","nomankingv159@gmail.com","2.0","69ce057536ae09b05b567b92","Noman","https://base44.app/api/apps/69c78a963cd6683d792802fb/files/mp/public/69c78a963cd6683d792802fb/4c5df526f_signature.png","9024370770","2026-04-03T04:53:55.323Z","","69cf47e3a7637cadb434a9d5","2026-04-03T04:53:55.719000","2026-04-03T04:53:55.719000","anonymous","anonymous","false"
"skddhaker359@gmail.com","skddhaker359@gmail.com","2.0","69ce05ca2fb2a825f1d46662","Sunil kumar dhaker","https://base44.app/api/apps/69c78a963cd6683d792802fb/files/mp/public/69c78a963cd6683d792802fb/aee94b5d2_signature.png","8955544138","2026-04-03T04:16:24.741Z","","69cf3f1820a1f9befa90aa5e","2026-04-03T04:16:24.363000","2026-04-03T04:16:24.363000","anonymous","anonymous","false"
"utsav@gmail.com","utsav@gmail.com","2.0","69cd023bb74d1dc50025c2ac","utsav","https://base44.app/api/apps/69c78a963cd6683d792802fb/files/mp/public/69c78a963cd6683d792802fb/df125868a_signature.png","utsav","2026-04-03T04:02:39.897Z","","69cf3be09247f402c0d197fd","2026-04-03T04:02:40.472000","2026-04-03T04:02:40.472000","anonymous","anonymous","false"
"skddhaker359@gmail.com","skddhaker359@gmail.com","2.0","69ce05ca2fb2a825f1d46662","Sunil kumar dhaker","https://base44.app/api/apps/69c78a963cd6683d792802fb/files/mp/public/69c78a963cd6683d792802fb/a6607b6ba_signature.png","8955544138","2026-04-02T16:17:13.048Z","","69ce968988495175184d7f63","2026-04-02T16:17:13.877000","2026-04-02T16:17:13.877000","anonymous","anonymous","false"
"utsav@gmail.com","utsav@gmail.com","2.0","69cd023bb74d1dc50025c2ac","utsav","https://base44.app/api/apps/69c78a963cd6683d792802fb/files/mp/public/69c78a963cd6683d792802fb/0fe81afb8_signature.png","utsav","2026-04-02T12:07:00.540Z","","69ce5be4c02e5ca6ff542bc1","2026-04-02T12:07:00.996000","2026-04-02T12:07:00.996000","anonymous","anonymous","false"
"shahnawaz19485@gmail.com","shahnawaz19485@gmail.com","2.0","69ce030b000fb95d22d7effa","SHAHNAWAZ","https://base44.app/api/apps/69c78a963cd6683d792802fb/files/mp/public/69c78a963cd6683d792802fb/c28bc9967_signature.png","8233356962","2026-04-02T08:59:54.762Z","","69ce300c6b0d5d5823b13127","2026-04-02T08:59:56.408000","2026-04-02T08:59:56.408000","anonymous","anonymous","false"
"manishsuman2021@gmail.com","manishsuman2021@gmail.com","2.0","69ce04fb1ae8004564d4a5a7","Manish suman","https://base44.app/api/apps/69c78a963cd6683d792802fb/files/mp/public/69c78a963cd6683d792802fb/df9cf8c99_signature.png","6376837391","2026-04-02T08:27:15.590Z","","69ce28645ed39a7e2bc967bf","2026-04-02T08:27:16.134000","2026-04-02T08:27:16.134000","anonymous","anonymous","false"
"manishsuman2021@gmail.com","manishsuman2021@gmail.com","2.0","69ce04fb1ae8004564d4a5a7","Manish suman","https://base44.app/api/apps/69c78a963cd6683d792802fb/files/mp/public/69c78a963cd6683d792802fb/f3aa44621_signature.png","6376837391","2026-04-02T07:49:54.881Z","","69ce1fa3c2132a7ae1d0b4ae","2026-04-02T07:49:55.931000","2026-04-02T07:49:55.931000","anonymous","anonymous","false"
"mrdhakadsahabassociate.baran@gmail.com","mrdhakadsahabassociate.baran@gmail.com","2.0","69ce02e8abbdc54ed3345c77","Umesh Nagar","https://base44.app/api/apps/69c78a963cd6683d792802fb/files/mp/public/69c78a963cd6683d792802fb/33d1b3d4e_signature.png","9024243123","2026-04-02T07:20:47.783Z","","69ce18d03e25d5967d6b33d4","2026-04-02T07:20:48.384000","2026-04-02T07:20:48.384000","anonymous","anonymous","false"
"utsav@gmail.com","utsav@gmail.com","2.0","69cd023bb74d1dc50025c2ac","utsav","https://base44.app/api/apps/69c78a963cd6683d792802fb/files/mp/public/69c78a963cd6683d792802fb/5626c3d18_signature.png","utsav","2026-04-01T11:35:37.635Z","","69cd0309f100e3474e27ad6c","2026-04-01T11:35:37.650000","2026-04-01T11:35:37.650000","anonymous","anonymous","false"